,0
2018-01-03,25208.6842
2018-01-04,25268.0331
2018-01-05,25268.0331
2018-01-08,25299.1893
2018-01-09,25299.1893
2018-01-10,25299.1893
2018-01-11,25140.7038
2018-01-12,25172.356
2018-01-15,25238.3569
2018-01-16,25238.3569
2018-01-17,25454.0749
2018-01-18,25570.0172
2018-01-19,25570.0172
2018-01-22,25465.6926
2018-01-23,25629.3758
2018-01-24,25611.6082
2018-01-25,25718.0176
2018-01-26,25418.3396
2018-01-29,25541.6087
2018-01-30,25162.0505
2018-01-31,24929.1319
2018-02-01,24905.5371
2018-02-02,24882.5605
2018-02-05,25191.0266
2018-02-06,26078.544
2018-02-07,26331.5374
2018-02-08,26550.3652
2018-02-09,27592.3178
2018-02-12,27724.2363
2018-02-13,27515.3244
2018-02-14,27625.818
2018-02-15,28086.0516
2018-02-16,27987.9235
2018-02-19,27917.68
2018-02-20,27917.68
2018-02-21,27875.0292
2018-02-22,27927.3293
2018-02-23,28011.3988
2018-02-26,28276.4322
2018-02-27,28329.7682
2018-02-28,28572.4315
2018-03-01,28453.5765
2018-03-02,28512.1246
2018-03-05,28764.5978
2018-03-06,28922.7042
2018-03-07,28813.2241
2018-03-08,28549.5848
2018-03-09,28411.326
2018-03-12,28623.5738
2018-03-13,28528.5548
2018-03-14,28944.9769
2018-03-15,28582.0876
2018-03-16,28381.7276
2018-03-19,28414.5666
2018-03-20,28570.1668
2018-03-21,28346.9102
2018-03-22,28294.0087
2018-03-23,28070.5773
2018-03-26,27982.9078
2018-03-27,28454.1963
2018-03-28,29423.0184
2018-03-29,27970.4687
2018-04-02,28232.9651
2018-04-03,28589.2913
2018-04-04,28353.017
2018-04-05,29159.8594
2018-04-06,28538.9633
2018-04-09,28872.8306
2018-04-10,29161.1413
2018-04-11,28783.2301
2018-04-12,28671.1008
2018-04-13,28317.8318
2018-04-16,28497.8201
2018-04-17,28290.6892
2018-04-18,28450.9026
2018-04-19,28241.3161
2018-04-20,28235.8447
2018-04-23,28391.2916
2018-04-24,28154.0244
2018-04-25,28750.3654
2018-04-26,28819.5799
2018-04-27,28966.2972
2018-04-30,29176.4672
2018-05-01,29280.2774
2018-05-02,29582.1355
2018-05-03,29324.0238
2018-05-04,29179.9691
2018-05-07,29706.155
2018-05-08,29631.7004
2018-05-09,29294.7367
2018-05-10,29483.6334
2018-05-11,29557.5303
2018-05-14,29446.3465
2018-05-15,29452.3161
2018-05-16,28951.1283
2018-05-17,28942.4388
2018-05-18,28768.86
2018-05-21,28636.2452
2018-05-22,28652.4731
2018-05-23,28701.8628
2018-05-24,28972.1165
2018-05-25,28932.5935
2018-05-28,28932.5935
2018-05-29,28932.5935
2018-05-30,28747.986
2018-05-31,28735.2756
2018-06-01,28338.7067
2018-06-04,28470.9124
2018-06-05,28490.4201
2018-06-06,28377.3384
2018-06-07,28271.4146
2018-06-08,28346.8329
2018-06-11,28162.2283
2018-06-12,28110.8222
2018-06-13,28086.9947
2018-06-14,27937.5607
2018-06-15,27946.6355
2018-06-18,27903.0434
2018-06-19,27973.7288
2018-06-20,27963.4864
2018-06-21,27907.6037
2018-06-22,28063.2889
2018-06-25,27822.3343
2018-06-26,28075.6971
2018-06-27,27657.7146
2018-06-28,28099.2319
2018-06-29,27864.1397
2018-07-02,27889.3696
2018-07-03,28225.1214
2018-07-04,28457.8653
2018-07-05,28457.8653
2018-07-06,28405.8425
2018-07-09,28607.2408
2018-07-10,28485.4123
2018-07-11,28394.9186
2018-07-12,28394.9186
2018-07-13,28565.5945
2018-07-16,28565.5945
2018-07-17,28528.2396
2018-07-18,28817.0202
2018-07-19,28817.0202
2018-07-20,28809.6507
2018-07-23,28815.9704
2018-07-24,28919.2347
2018-07-25,29043.8501
2018-07-26,29293.5637
2018-07-27,29244.5154
2018-07-30,29636.8025
2018-07-31,29861.8574
2018-08-01,29684.4496
2018-08-02,29417.199
2018-08-03,29850.5129
2018-08-06,29850.5129
2018-08-07,29900.1368
2018-08-08,29900.1368
2018-08-09,29860.6051
2018-08-10,29860.6051
2018-08-13,29817.7223
2018-08-14,29726.844
2018-08-15,29565.6701
2018-08-16,29571.1515
2018-08-17,29572.6067
2018-08-20,29467.0803
2018-08-21,29246.3829
2018-08-22,29097.5057
2018-08-23,29127.3153
2018-08-24,29156.1576
2018-08-27,29174.0757
2018-08-28,29188.8979
2018-08-29,29188.8979
2018-08-30,29316.3686
2018-08-31,29115.8017
2018-09-03,29025.5799
2018-09-04,29025.5799
2018-09-05,28567.5859
2018-09-06,28711.3842
2018-09-07,28852.5299
2018-09-10,28756.5565
2018-09-11,28619.4083
2018-09-12,28854.1569
2018-09-13,28738.9414
2018-09-14,28738.9414
2018-09-17,28734.5405
2018-09-18,28902.9714
2018-09-19,28858.121
2018-09-20,28738.4176
2018-09-21,28737.8049
2018-09-24,28861.1463
2018-09-25,29079.2786
2018-09-26,29079.2786
2018-09-27,28988.5821
2018-09-28,28949.1937
2018-10-01,28912.675
2018-10-02,28975.9545
2018-10-03,28825.9081
2018-10-04,28810.2187
2018-10-05,29007.6058
2018-10-08,29261.7637
2018-10-09,29153.3959
2018-10-10,29027.328
2018-10-11,29969.9456
2018-10-12,28976.7948
2018-10-15,28342.8621
2018-10-16,27833.1282
2018-10-17,28221.736
2018-10-18,27799.5707
2018-10-19,28139.8315
2018-10-22,28345.6349
2018-10-23,28257.5768
2018-10-24,28575.4448
2018-10-25,29720.8027
2018-10-26,29911.2492
2018-10-29,29120.4726
2018-10-30,29790.8901
2018-10-31,29467.0785
2018-11-01,29135.234
2018-11-02,29178.0658
2018-11-05,29321.6391
2018-11-06,29313.2619
2018-11-07,29162.7317
2018-11-08,29553.794
2018-11-09,29295.3018
2018-11-12,29366.4346
2018-11-13,29870.3927
2018-11-14,29706.7477
2018-11-15,29704.8245
2018-11-16,29905.4889
2018-11-19,29675.3797
2018-11-20,30336.8193
2018-11-21,29996.6277
2018-11-22,29763.0018
2018-11-23,29754.8654
2018-11-26,29705.9121
2018-11-27,29527.043
2018-11-28,29531.3887
2018-11-29,29996.6037
2018-11-30,29819.1243
2018-12-03,29936.1578
2018-12-04,29464.9124
2018-12-06,30319.4554
2018-12-07,30202.5326
2018-12-10,30782.7725
2018-12-11,30505.9675
2018-12-12,30268.3801
2018-12-13,30283.2848
2018-12-14,29704.4969
2018-12-17,29854.7563
2018-12-18,30061.6531
2018-12-19,29645.8258
2018-12-20,29620.8731
2018-12-21,28625.9625
2018-12-24,29185.236
2018-12-26,29312.8982
2018-12-27,30475.8859
2018-12-28,30592.2015
2018-12-31,30003.5331
2019-01-02,29589.0984
2019-01-03,30138.9023
2019-01-04,30220.7717
2019-01-07,30953.1226
2019-01-08,31115.7649
2019-01-09,31159.3287
2019-01-10,30905.7445
2019-01-11,30972.7428
2019-01-14,30966.6844
2019-01-15,30906.3587
2019-01-16,31190.9381
2019-01-17,31053.6365
2019-01-18,31250.7579
2019-01-21,31063.1388
2019-01-22,31063.1388
2019-01-23,31258.5116
2019-01-24,31328.409
2019-01-25,30933.706
2019-01-28,31021.3348
2019-01-29,30820.3322
2019-01-30,30949.5448
2019-01-31,31103.087
2019-02-01,31254.2821
2019-02-04,31091.9752
2019-02-05,31284.8368
2019-02-06,30886.4609
2019-02-07,30849.6406
2019-02-08,30636.9305
2019-02-11,30814.7089
2019-02-12,30802.0971
2019-02-13,30852.2545
2019-02-14,30882.5704
2019-02-15,30929.4808
2019-02-18,30798.1933
2019-02-19,30798.1933
2019-02-20,30717.3934
2019-02-21,30660.405
2019-02-22,30452.6818
2019-02-25,30458.6872
2019-02-26,30509.4741
2019-02-27,30488.7029
2019-02-28,30456.069
2019-03-01,30344.5541
2019-03-04,30186.178
2019-03-05,30262.5024
2019-03-06,30199.8138
2019-03-07,30249.1348
2019-03-08,29951.1411
2019-03-11,30079.3392
2019-03-12,30330.8098
2019-03-13,30304.0313
2019-03-14,30254.5333
2019-03-15,30254.5333
2019-03-18,30221.0334
2019-03-19,30142.2327
2019-03-20,29901.3113
2019-03-21,29963.4114
2019-03-22,30321.4154
2019-03-25,30770.3807
2019-03-26,30089.7532
2019-03-27,29973.3704
2019-03-28,30062.4475
2019-03-29,29804.3942
2019-04-01,29642.9565
2019-04-02,29675.0077
2019-04-03,29647.806
2019-04-04,29456.3168
2019-04-05,29419.65
2019-04-08,29419.65
2019-04-09,29465.402
2019-04-10,29401.6117
2019-04-11,29401.6117
2019-04-12,29401.6117
2019-04-15,29401.6117
2019-04-16,29218.1113
2019-04-17,29127.7714
2019-04-18,29070.2796
2019-04-22,28900.9028
2019-04-23,28933.9198
2019-04-24,29081.8418
2019-04-25,29081.8418
2019-04-26,29035.5832
2019-04-29,28941.2758
2019-04-30,28941.2758
2019-05-01,28752.938
2019-05-02,28938.93
2019-05-03,28827.2237
2019-05-06,28923.1686
2019-05-07,29164.3662
2019-05-08,29352.0214
2019-05-09,29249.7547
2019-05-10,29247.7849
2019-05-13,29579.2
2019-05-14,29838.4568
2019-05-15,29703.8126
2019-05-16,30104.8177
2019-05-17,30233.6237
2019-05-20,30275.3421
2019-05-21,29874.6298
2019-05-22,29628.7402
2019-05-23,29628.7402
2019-05-24,29543.9656
2019-05-27,29672.2142
2019-05-28,29672.2142
2019-05-29,29856.8879
2019-05-30,29603.9615
2019-05-31,29494.9147
2019-06-03,29351.2356
2019-06-04,29824.4564
2019-06-05,30253.33
2019-06-06,30208.0741
2019-06-07,30334.6518
2019-06-10,30604.2504
2019-06-11,30537.9588
2019-06-12,30647.6152
2019-06-13,30611.1033
2019-06-14,30611.1033
2019-06-17,30533.9682
2019-06-18,30488.7916
2019-06-19,30395.8843
2019-06-20,30429.8065
2019-06-21,30423.2148
2019-06-24,30330.5815
2019-06-25,30330.5815
2019-06-26,30623.4698
2019-06-27,30659.7448
2019-06-28,30659.7448
2019-07-01,30601.3693
2019-07-02,30647.6802
2019-07-03,30678.3103
2019-07-04,30696.034
2019-07-05,30696.034
2019-07-08,30784.3016
2019-07-09,30784.3016
2019-07-10,30889.8135
2019-07-11,30593.827
2019-07-12,30565.0242
2019-07-15,30565.0242
2019-07-16,30565.0242
2019-07-17,30550.7779
2019-07-18,30570.2702
2019-07-19,30481.4971
2019-07-22,30736.6463
2019-07-23,30709.6939
2019-07-24,30739.7609
2019-07-25,30861.0579
2019-07-26,30861.2375
2019-07-29,30861.2375
2019-07-30,30734.6003
2019-07-31,30636.6873
2019-08-01,30996.0596
2019-08-02,31404.9985
2019-08-05,31317.1008
2019-08-06,31622.4618
2019-08-07,31577.4713
2019-08-08,31736.9885
2019-08-09,32150.0607
2019-08-12,32102.4658
2019-08-13,31973.6944
2019-08-14,32531.1684
2019-08-15,32915.0378
2019-08-16,32477.2417
2019-08-19,32511.7867
2019-08-20,32401.31
2019-08-21,32278.2259
2019-08-22,32205.402
2019-08-23,32122.7151
2019-08-26,32505.7105
2019-08-27,32369.4889
2019-08-28,32492.3057
2019-08-29,32645.3431
2019-08-30,32260.8629
2019-09-02,32321.8754
2019-09-03,32293.5636
2019-09-04,32281.2038
2019-09-05,32319.1803
2019-09-06,32356.4441
2019-09-09,32356.4441
2019-09-10,32351.5292
2019-09-11,32427.494
2019-09-12,32535.9905
2019-09-13,32320.0619
2019-09-16,32320.0619
2019-09-17,32320.0619
2019-09-18,32348.9853
2019-09-19,32281.8822
2019-09-20,32295.3144
2019-09-23,32548.9187
2019-09-24,32474.5876
2019-09-25,32924.1711
2019-09-26,33069.3698
2019-09-27,32837.7468
2019-09-30,33112.9255
2019-10-01,33136.6838
2019-10-02,33510.2274
2019-10-03,33625.3654
2019-10-04,33832.5616
2019-10-07,34002.5803
2019-10-08,33879.5788
2019-10-09,33479.1098
2019-10-10,33402.4296
2019-10-11,33149.5191
2019-10-14,33003.1908
2019-10-15,33003.1908
2019-10-16,33117.9245
2019-10-17,33117.9245
2019-10-18,33099.371
2019-10-21,33254.3346
2019-10-22,33254.3346
2019-10-23,33491.0976
2019-10-24,33491.0976
2019-10-25,33316.8047
2019-10-28,33519.3093
2019-10-29,33519.3093
2019-10-30,33539.1989
2019-10-31,33573.5724
2019-11-01,33481.1345
2019-11-04,33500.7102
2019-11-05,33500.7102
2019-11-06,33500.7102
2019-11-07,33340.7536
2019-11-08,33351.9421
2019-11-11,33417.7244
2019-11-12,33417.7244
2019-11-13,33334.7461
2019-11-14,33334.7461
2019-11-15,33137.0631
2019-11-18,33137.0631
2019-11-19,33146.0148
2019-11-20,33026.4349
2019-11-21,33017.4929
2019-11-22,33017.4929
2019-11-25,32903.4758
2019-11-26,32903.4758
2019-11-27,32903.4758
2019-11-28,32903.4758
2019-11-29,32903.4758
2019-12-02,32903.4758
2019-12-03,33071.7248
2019-12-04,33196.4086
2019-12-05,33196.4086
2019-12-06,33064.1375
2019-12-09,33064.1375
2019-12-10,33097.6776
2019-12-11,32855.0276
2019-12-12,32855.0276
2019-12-13,32558.6309
2019-12-16,32323.6244
2019-12-17,32323.6244
2019-12-18,32323.6244
2019-12-19,32323.6244
2019-12-20,32323.6244
2019-12-23,32323.6244
2019-12-24,32323.6244
2019-12-26,32323.6244
2019-12-27,32323.6244
2019-12-30,32301.3538
2019-12-31,32325.1993
2020-01-02,32301.9313
2020-01-03,32411.1009
2020-01-06,32265.2745
2020-01-07,32527.4967
2020-01-08,32527.4967
2020-01-09,32579.238
2020-01-10,32444.5794
2020-01-13,32493.8738
2020-01-14,32584.1311
2020-01-15,32318.3638
2020-01-16,32297.5192
2020-01-17,32309.5562
2020-01-20,32303.0403
2020-01-21,32303.0403
2020-01-22,32303.0403
2020-01-23,32311.4471
2020-01-24,32356.6673
2020-01-27,32638.3902
2020-01-28,32493.9432
2020-01-29,32649.7546
2020-01-30,32394.6456
2020-01-31,32191.3334
2020-02-03,32591.2094
2020-02-04,32670.4918
2020-02-05,32851.2348
2020-02-06,32762.0976
2020-02-07,32893.8918
2020-02-10,32687.3091
2020-02-11,32902.7646
2020-02-12,32738.9416
2020-02-13,32746.9286
2020-02-14,32732.7738
2020-02-17,32732.7738
2020-02-18,32732.7738
2020-02-19,32514.8941
2020-02-20,32514.8941
2020-02-21,32641.2503
2020-02-24,32962.1389
2020-02-25,32653.2201
2020-02-26,33659.6472
2020-02-27,33931.7664
2020-02-28,33623.8984
2020-03-02,32197.4314
2020-03-03,32576.6848
2020-03-04,32072.6275
2020-03-05,31780.4399
2020-03-06,31637.3643
2020-03-09,30742.1328
2020-03-10,31159.2478
2020-03-11,31528.2963
2020-03-12,31239.0831
2020-03-13,31675.7012
2020-03-16,31038.5195
2020-03-17,32344.1588
2020-03-18,33093.3557
2020-03-19,31169.8834
2020-03-20,31256.498
2020-03-23,32505.4374
2020-03-24,29633.216
2020-03-25,28302.7023
2020-03-26,28087.5775
2020-03-27,28653.235
2020-03-30,27997.1832
2020-03-31,28458.5261
2020-04-01,28507.1523
2020-04-02,28470.5876
2020-04-03,28177.8058
2020-04-06,28351.0274
2020-04-07,29168.9873
2020-04-08,29566.3516
2020-04-09,29778.8007
2020-04-13,29263.902
2020-04-14,29271.8102
2020-04-15,29841.5133
2020-04-16,29787.7603
2020-04-17,29464.5885
2020-04-20,28993.2947
2020-04-21,29095.1536
2020-04-22,29404.5698
2020-04-23,29589.2469
2020-04-24,29769.7087
2020-04-27,30050.3051
2020-04-28,30020.2838
2020-04-29,30575.052
2020-04-30,30871.054
2020-05-01,30343.832
2020-05-04,30490.0472
2020-05-05,30893.7166
2020-05-06,30838.0651
2020-05-07,30597.7259
2020-05-08,30378.0397
2020-05-11,30481.1465
2020-05-12,30748.1932
2020-05-13,30940.951
2020-05-14,31020.3317
2020-05-15,31471.5551
2020-05-18,31559.8679
2020-05-19,31630.7546
2020-05-20,31737.8854
2020-05-21,31780.1771
2020-05-22,31985.9364
2020-05-25,32085.295
2020-05-26,32085.295
2020-05-27,32440.5108
2020-05-28,32921.2073
2020-05-29,33096.0885
2020-06-01,32381.6176
2020-06-02,32439.4497
2020-06-03,32493.5109
2020-06-04,32246.2679
2020-06-05,32194.6529
2020-06-08,32532.1928
2020-06-09,32583.2322
2020-06-10,32707.357
2020-06-11,32688.8513
2020-06-12,33294.1363
2020-06-15,33523.9266
2020-06-16,34062.0767
2020-06-17,33405.8375
2020-06-18,32933.9464
2020-06-19,32540.0062
2020-06-22,32744.0325
2020-06-23,32997.0375
2020-06-24,32844.6565
2020-06-25,33379.8014
2020-06-26,33580.4308
2020-06-29,34179.5672
2020-06-30,34528.9308
2020-07-01,34919.3938
2020-07-02,35159.2753
2020-07-03,35254.2803
2020-07-06,35254.2803
2020-07-07,35450.0587
2020-07-08,35650.0019
2020-07-09,35533.7108
2020-07-10,35709.7125
2020-07-13,35951.5811
2020-07-14,37064.7719
2020-07-15,37517.3597
2020-07-16,36633.662
2020-07-17,36640.3461
2020-07-20,36490.4493
2020-07-21,37123.3517
2020-07-22,36880.1236
2020-07-23,36433.5608
2020-07-24,37193.3876
2020-07-27,36769.0941
2020-07-28,36541.8419
2020-07-29,36262.2725
2020-07-30,36328.7091
2020-07-31,36474.0128
2020-08-03,36244.9006
2020-08-04,36162.7373
2020-08-05,35706.9942
2020-08-06,35655.3717
2020-08-07,36015.9603
2020-08-10,36220.7857
2020-08-11,36255.3372
2020-08-12,35950.725
2020-08-13,36322.8497
2020-08-14,36201.8017
2020-08-17,36151.9849
2020-08-18,36122.8346
2020-08-19,35959.462
2020-08-20,35847.7141
2020-08-21,36233.4562
2020-08-24,36348.6646
2020-08-25,36454.1763
2020-08-26,36639.8221
2020-08-27,37059.0384
2020-08-28,36124.9155
2020-08-31,35976.1534
2020-09-01,36043.3787
2020-09-02,36282.5599
2020-09-03,36373.3822
2020-09-04,37583.7531
2020-09-07,37482.9758
2020-09-08,37431.2814
2020-09-09,37343.1177
2020-09-10,37483.1934
2020-09-11,37972.921
2020-09-14,37255.7978
2020-09-15,37220.4352
2020-09-16,36449.507
2020-09-17,36983.717
2020-09-18,36907.3303
2020-09-21,37372.6386
2020-09-22,37385.6353
2020-09-23,37209.8907
2020-09-24,38107.1937
2020-09-25,37435.9788
2020-09-28,37952.2906
2020-09-29,37915.0341
2020-09-30,37936.4477
2020-10-01,38001.5009
2020-10-02,37805.1394
2020-10-05,38113.656
2020-10-06,38423.4977
2020-10-07,38143.8933
2020-10-08,38049.4686
2020-10-09,37911.6861
2020-10-12,38050.1077
2020-10-13,38468.5596
2020-10-14,37194.4936
2020-10-15,37166.4322
2020-10-16,36489.1933
2020-10-19,36635.6002
2020-10-20,37416.5057
2020-10-21,36740.127
2020-10-22,36245.5757
2020-10-23,36275.7769
2020-10-26,36213.2743
2020-10-27,36257.3311
2020-10-28,36094.2588
2020-10-29,36718.0484
2020-10-30,36728.9337
2020-11-02,37229.9403
2020-11-03,37255.1344
2020-11-04,36983.9399
2020-11-05,37110.2972
2020-11-06,36694.8662
2020-11-09,36890.245
2020-11-10,37518.9298
2020-11-11,36910.4664
2020-11-12,37233.5938
2020-11-13,37241.7847
2020-11-16,37138.5871
2020-11-17,36810.6233
2020-11-18,36764.6677
2020-11-19,36427.9768
2020-11-20,36616.9323
2020-11-23,36513.6764
2020-11-24,36382.6132
2020-11-25,36751.1213
2020-11-26,36541.4717
2020-11-27,36498.7123
2020-11-30,36464.6183
2020-12-01,36471.8435
2020-12-02,36587.9693
2020-12-03,36772.5228
2020-12-04,36739.3418
2020-12-07,36739.3418
2020-12-08,36739.3418
2020-12-09,36606.1814
2020-12-10,37199.967
2020-12-11,37478.9414
2020-12-14,36885.2034
2020-12-15,36778.3682
2020-12-16,36666.0361
2020-12-17,36719.6199
2020-12-18,36535.0594
2020-12-21,36533.5511
2020-12-22,36801.8617
2020-12-23,36415.6535
2020-12-24,36183.145
2020-12-28,36183.145
2020-12-29,35909.9666
2020-12-30,35924.5155
2020-12-31,35866.2764
2021-01-04,35843.867
2021-01-05,36236.9695
2021-01-06,36365.5447
2021-01-07,36547.9879
2021-01-08,36801.3032
2021-01-11,36246.2755
2021-01-12,36116.1213
2021-01-13,36045.0812
2021-01-14,36127.1297
2021-01-15,36253.2727
2021-01-18,35962.6023
2021-01-19,35962.6023
2021-01-20,36105.6745
2021-01-21,36283.6627
2021-01-22,36365.5012
2021-01-25,36365.5012
2021-01-26,36456.6721
2021-01-27,36129.6163
2021-01-28,36258.4332
2021-01-29,36408.6718
2021-02-01,36332.2956
2021-02-02,36566.6676
2021-02-03,36606.5171
2021-02-04,36717.9569
2021-02-05,36679.9131
2021-02-08,36669.4426
2021-02-09,36471.7688
2021-02-10,36471.7688
2021-02-11,36378.3847
2021-02-12,36212.9617
2021-02-15,36395.8382
2021-02-16,36395.8382
2021-02-17,36467.9908
2021-02-18,36400.7504
2021-02-19,36324.7292
2021-02-22,36414.4274
2021-02-23,36782.6831
2021-02-24,36628.0133
2021-02-25,37022.4311
2021-02-26,37862.1214
2021-03-01,37344.7437
2021-03-02,37762.7673
2021-03-03,38136.8511
2021-03-04,38517.2597
2021-03-05,38784.4621
2021-03-08,39806.4731
2021-03-09,39773.7784
2021-03-10,40139.4614
2021-03-11,39990.9458
2021-03-12,39826.6431
2021-03-15,39570.0323
2021-03-16,39421.9522
2021-03-17,39442.9967
2021-03-18,39281.3007
2021-03-19,39249.0068
2021-03-22,39165.6129
2021-03-23,39329.4352
2021-03-24,39234.7324
2021-03-25,39308.036
2021-03-26,38621.0853
2021-03-29,37946.6867
2021-03-30,37940.0851
2021-03-31,37753.4419
2021-04-01,37873.3909
2021-04-05,37873.3909
2021-04-06,38093.9573
2021-04-07,37828.3377
2021-04-08,37845.3596
2021-04-09,37845.3596
2021-04-12,38079.7183
2021-04-13,37790.3443
2021-04-14,37817.6087
2021-04-15,38062.6895
2021-04-16,38069.6671
2021-04-19,38069.6671
2021-04-20,38133.4268
2021-04-21,38232.1971
2021-04-22,38574.0723
2021-04-23,38616.7328
2021-04-26,38753.3532
2021-04-27,38778.4529
2021-04-28,38772.4097
2021-04-29,38061.7263
2021-04-30,37981.7713
2021-05-03,37740.9382
2021-05-04,37718.3305
2021-05-05,37855.9989
2021-05-06,38073.1788
2021-05-07,37894.1859
2021-05-10,37737.6292
2021-05-11,38205.3268
2021-05-12,38176.7213
2021-05-13,38330.7497
2021-05-14,37534.9488
2021-05-17,37811.5682
2021-05-18,37652.235
2021-05-19,37683.287
2021-05-20,38172.9176
2021-05-21,38478.651
2021-05-24,38638.3318
2021-05-25,38723.8606
2021-05-26,38636.0939
2021-05-27,38636.0939
2021-05-28,38636.0939
2021-05-31,38636.0939
2021-06-01,38636.0939
2021-06-02,38720.406
2021-06-03,38605.7221
2021-06-04,38304.7921
2021-06-07,38428.618
2021-06-08,38464.4196
2021-06-09,38507.0985
2021-06-10,38495.5084
2021-06-11,38154.9469
2021-06-14,38154.9469
2021-06-15,38350.5481
2021-06-16,38369.1577
2021-06-17,38186.4912
2021-06-18,38465.2095
2021-06-21,38464.0176
2021-06-22,38423.3288
2021-06-23,38574.9819
2021-06-24,38494.4766
2021-06-25,38447.5733
2021-06-28,38447.5733
2021-06-29,38446.2717
2021-06-30,38451.5601
2021-07-01,38451.5601
2021-07-02,38291.0325
2021-07-05,38312.4775
2021-07-06,38312.4775
2021-07-07,38156.1949
2021-07-08,38093.5289
2021-07-09,37935.7448
2021-07-12,38046.8091
2021-07-13,38046.8091
2021-07-14,37982.2623
2021-07-15,38025.4584
2021-07-16,37527.5931
2021-07-19,37791.6156
2021-07-20,36867.0094
2021-07-21,37140.8246
2021-07-22,37208.5199
2021-07-23,37208.5199
2021-07-26,37376.1188
2021-07-27,37376.1188
2021-07-28,37535.9107
2021-07-29,37076.3552
2021-07-30,37076.3552
2021-08-02,37053.9403
2021-08-03,36568.2201
2021-08-04,36613.2899
2021-08-05,36566.4258
2021-08-06,36563.8462
2021-08-09,36478.1394
2021-08-10,36478.1394
2021-08-11,36547.5567
2021-08-12,36513.9519
2021-08-13,36629.8518
2021-08-16,36629.8518
2021-08-17,36766.6828
2021-08-18,36376.147
2021-08-19,36587.1945
2021-08-20,36763.2064
2021-08-23,36861.4478
2021-08-24,37047.0475
2021-08-25,37047.0475
2021-08-26,37047.0475
2021-08-27,37102.5368
2021-08-30,37243.5799
2021-08-31,37322.2623
2021-09-01,37322.2623
2021-09-02,37323.7594
2021-09-03,37282.1711
2021-09-06,37306.3015
2021-09-07,37306.3015
2021-09-08,37239.4476
2021-09-09,37129.202
2021-09-10,37173.5866
2021-09-13,37499.5046
2021-09-14,37556.845
2021-09-15,37691.5277
2021-09-16,37690.9682
2021-09-17,37575.7019
2021-09-20,37642.1781
2021-09-21,37529.9833
2021-09-22,36452.9134
2021-09-23,36598.8218
2021-09-24,36638.139
2021-09-27,36728.4781
2021-09-28,36551.3745
2021-09-29,36975.7596
2021-09-30,36961.9132
2021-10-01,37240.5217
2021-10-04,37414.2287
2021-10-05,37822.135
2021-10-06,37977.5989
2021-10-07,37856.7324
2021-10-08,37696.5496
2021-10-11,37764.4241
2021-10-12,37836.8788
2021-10-13,37939.2186
2021-10-14,37771.3263
2021-10-15,37919.3771
2021-10-18,37916.0795
2021-10-19,38291.0724
2021-10-20,38291.0724
2021-10-21,38224.771
2021-10-22,38337.2517
2021-10-25,38385.6782
2021-10-26,38268.1947
2021-10-27,38214.4878
2021-10-28,38035.7228
2021-10-29,38106.1153
2021-11-01,38377.1646
2021-11-02,38399.7429
2021-11-03,38399.7429
2021-11-04,38664.2388
2021-11-05,38873.8054
2021-11-08,38911.294
2021-11-09,38911.294
2021-11-10,39119.0004
2021-11-11,39240.3727
2021-11-12,39216.0614
2021-11-15,39445.2812
2021-11-16,39376.4815
2021-11-17,39427.9852
2021-11-18,39281.1645
2021-11-19,39157.2595
2021-11-22,39061.8056
2021-11-23,39716.3719
2021-11-24,39517.3747
2021-11-25,39893.639
2021-11-26,39893.639
2021-11-29,40289.4806
2021-11-30,40487.2204
2021-12-01,40711.8302
2021-12-02,41534.4766
2021-12-03,41354.8258
2021-12-06,42070.5783
2021-12-07,42371.7445
2021-12-08,42660.0867
2021-12-09,42745.6129
2021-12-10,43210.3665
2021-12-13,43132.7311
2021-12-14,43537.186
2021-12-15,43394.6289
2021-12-16,44267.8887
2021-12-17,45249.6272
2021-12-20,44209.1253
2021-12-21,43679.3279
2021-12-22,44218.7037
2021-12-23,44632.3457
2021-12-27,44646.1726
2021-12-28,44848.6922
2021-12-29,44836.5119
2021-12-30,44484.937
2021-12-31,44345.2686
2022-01-03,44436.1702
2022-01-04,44408.9173
2022-01-05,44782.3942
2022-01-06,45391.7673
2022-01-07,44817.6935
2022-01-10,44879.3026
2022-01-11,45106.331
2022-01-12,44876.7674
2022-01-13,44392.6827
2022-01-14,45465.4686
2022-01-17,44576.1153
2022-01-18,44576.1153
2022-01-19,44578.4686
2022-01-20,44414.6411
2022-01-21,45389.19
2022-01-24,45953.9604
2022-01-25,46409.0334
2022-01-26,45129.4175
2022-01-27,44380.0818
2022-01-28,45037.3247
2022-01-31,46513.7561
2022-02-01,47717.3847
2022-02-02,47896.3167
2022-02-03,47736.9644
2022-02-04,48152.6168
2022-02-07,47774.866
2022-02-08,47946.9258
2022-02-09,48194.2667
2022-02-10,48454.2473
2022-02-11,48412.7002
2022-02-14,49164.0153
2022-02-15,48779.7807
2022-02-16,48269.5649
2022-02-17,48305.8717
2022-02-18,49166.5668
2022-02-21,48024.434
2022-02-22,48205.0012
2022-02-23,47724.7095
2022-02-24,49134.1464
2022-02-25,52156.4152
2022-02-28,52598.3634
2022-03-01,52062.5037
2022-03-02,52309.6093
2022-03-03,52231.853
2022-03-04,52348.3586
2022-03-07,51970.214
2022-03-08,53661.407
2022-03-09,51570.5347
2022-03-10,51615.5688
2022-03-11,51239.9402
2022-03-14,52463.347
2022-03-15,52808.0581
2022-03-16,53533.7824
2022-03-17,54048.0135
2022-03-18,53955.309
2022-03-21,55175.1785
2022-03-22,53815.7837
2022-03-23,54473.833
2022-03-24,54603.026
2022-03-25,54988.5834
2022-03-28,53785.2906
2022-03-29,53746.1058
2022-03-30,53825.8663
2022-03-31,53663.6761
2022-04-01,53326.2013
2022-04-04,53198.4361
2022-04-05,53813.1251
2022-04-06,54492.6299
2022-04-07,53565.7349
2022-04-08,52348.6344
2022-04-11,52045.6218
2022-04-12,52339.6732
2022-04-13,52912.7172
2022-04-14,53659.1775
2022-04-18,54649.6206
2022-04-19,53231.7758
2022-04-20,54258.1991
2022-04-21,54911.9265
2022-04-22,56729.4801
2022-04-25,57193.438
2022-04-26,55490.5119
2022-04-27,56936.6691
2022-04-28,56730.4666
2022-04-29,58089.7123
2022-05-02,58786.7871
2022-05-03,56847.7372
2022-05-04,54769.2127
2022-05-05,55534.3268
2022-05-06,57161.3951
2022-05-09,57326.7318
2022-05-10,57304.6773
2022-05-11,56754.0344
2022-05-12,56888.8664
2022-05-13,55751.5667
2022-05-16,55543.7803
2022-05-17,52823.4518
2022-05-18,52425.2996
2022-05-19,54047.2622
2022-05-20,51922.7225
2022-05-23,53095.1748
2022-05-24,53117.5377
2022-05-25,52116.1873
2022-05-26,50829.782
2022-05-27,52068.8137
2022-05-30,52813.2776
2022-05-31,52793.5443
2022-06-01,52078.302
2022-06-02,52191.6129
2022-06-03,53561.3901
2022-06-06,52971.9049
2022-06-07,52786.209
2022-06-08,53648.3362
2022-06-09,53742.0003
2022-06-10,54363.4744
2022-06-13,54370.1407
2022-06-14,54138.4502
2022-06-15,52435.6873
2022-06-16,50944.0357
2022-06-17,51415.8723
2022-06-20,51329.6372
2022-06-21,51383.0979
2022-06-22,51420.7669
2022-06-23,51090.1743
2022-06-24,50708.3414
2022-06-27,51559.7233
2022-06-28,51400.4568
2022-06-29,52967.9693
2022-06-30,52102.1859
2022-07-01,51246.3465
2022-07-04,50908.9052
2022-07-05,50908.9052
2022-07-06,52469.7536
2022-07-07,51615.6883
2022-07-08,52233.6521
2022-07-11,51130.232
2022-07-12,50912.4962
2022-07-13,51273.1947
2022-07-14,51162.9449
2022-07-15,52014.7493
2022-07-18,51800.3454
2022-07-19,52318.7589
2022-07-20,53138.743
2022-07-21,52858.5793
2022-07-22,52284.9588
2022-07-25,52593.5379
2022-07-26,52636.1331
2022-07-27,53026.6718
2022-07-28,54107.6943
2022-07-29,54901.6934
2022-08-01,54848.9064
2022-08-02,54969.1746
2022-08-03,54023.5717
2022-08-04,54812.2062
2022-08-05,54345.5675
2022-08-08,53219.7941
2022-08-09,53611.0911
2022-08-10,53332.3465
2022-08-11,53086.0055
2022-08-12,53374.0913
2022-08-15,53909.646
2022-08-16,54179.3473
2022-08-17,53230.1444
2022-08-18,52882.4515
2022-08-19,52929.9075
2022-08-22,53265.5316
2022-08-23,53632.8073
2022-08-24,53002.7427
2022-08-25,52968.7363
2022-08-26,53434.4903
2022-08-29,54228.4834
2022-08-30,53323.9307
2022-08-31,53964.6126
2022-09-01,53807.5514
2022-09-02,53884.8505
2022-09-05,54429.2995
2022-09-06,54429.2995
2022-09-07,53864.4295
2022-09-08,53855.4372
2022-09-09,53730.575
2022-09-12,54096.9281
2022-09-13,53395.41
2022-09-14,54698.636
2022-09-15,53203.014
2022-09-16,52828.139
2022-09-19,51895.9016
2022-09-20,51817.4675
2022-09-21,51158.1323
2022-09-22,50287.6778
2022-09-23,50017.1041
2022-09-26,50096.7083
2022-09-27,50566.8646
2022-09-28,50984.9729
2022-09-29,51144.3383
2022-09-30,51514.495
2022-10-03,51806.2477
2022-10-04,52184.8282
2022-10-05,51862.7765
2022-10-06,52446.0102
2022-10-07,51628.7681
2022-10-10,52426.1956
2022-10-11,52336.5194
2022-10-12,52246.5533
2022-10-13,50671.7747
2022-10-14,53210.9887
2022-10-17,54273.33
2022-10-18,53731.0997
2022-10-19,54470.7531
2022-10-20,53451.8876
2022-10-21,54168.0304
2022-10-24,54726.4827
2022-10-25,54780.4595
2022-10-26,55323.0486
2022-10-27,55796.8136
2022-10-28,56022.8277
2022-10-31,56322.1086
2022-11-01,55988.2225
2022-11-02,56997.972
2022-11-03,56118.8018
2022-11-04,54992.1288
2022-11-07,55123.2678
2022-11-08,54510.8068
2022-11-09,54070.8313
2022-11-10,53662.2006
2022-11-11,54460.5614
2022-11-14,54615.3984
2022-11-15,54167.882
2022-11-16,54491.4945
2022-11-17,53844.5248
2022-11-18,54252.6887
2022-11-21,54211.7689
2022-11-22,54368.5203
2022-11-23,54796.2571
2022-11-24,54341.7044
2022-11-25,54341.7044
2022-11-28,54341.7044
2022-11-29,54801.4964
2022-11-30,54937.2187
2022-12-01,56374.1193
2022-12-02,55732.2092
2022-12-05,56152.0731
2022-12-06,56594.8629
2022-12-07,57362.9138
2022-12-08,55971.2236
2022-12-09,55931.5716
2022-12-12,56008.232
2022-12-13,56034.2331
2022-12-14,56376.1731
2022-12-15,55654.7498
2022-12-16,56460.3834
2022-12-19,55831.5417
2022-12-20,56227.3809
2022-12-21,55184.0722
2022-12-22,55528.9488
2022-12-23,56051.7526
2022-12-27,56139.8125
2022-12-28,55749.9978
2022-12-29,56321.1781
2022-12-30,56753.0319
2023-01-03,55941.4795
2023-01-04,56071.0228
2023-01-05,54905.0148
2023-01-06,53328.9494
2023-01-09,54049.9935
2023-01-10,54473.7084
2023-01-11,52955.2648
2023-01-12,53427.3059
2023-01-13,53846.3668
2023-01-16,54358.6158
2023-01-17,54358.6158
2023-01-18,53949.6923
2023-01-19,54471.7224
2023-01-20,54129.4668
2023-01-23,55174.4877
2023-01-24,56037.949
2023-01-25,54776.8483
2023-01-26,55396.5553
2023-01-27,55581.072
2023-01-30,55986.6823
2023-01-31,56408.1049
2023-02-01,56843.3763
2023-02-02,56763.5733
2023-02-03,56172.2574
2023-02-06,56756.2
2023-02-07,55640.0312
2023-02-08,55992.6044
2023-02-09,56573.3632
2023-02-10,57515.4877
2023-02-13,56654.8264
2023-02-14,57195.2082
2023-02-15,57374.8375
2023-02-16,57395.4409
2023-02-17,57755.5782
2023-02-20,56940.3811
2023-02-21,56940.3811
2023-02-22,57426.9577
2023-02-23,56752.2666
2023-02-24,56957.8592
2023-02-27,56584.2557
2023-02-28,56251.3183
2023-03-01,55968.5079
2023-03-02,55038.1181
2023-03-03,55724.3543
2023-03-06,56307.6819
2023-03-07,56300.9666
2023-03-08,55291.3455
2023-03-09,54313.585
2023-03-10,55073.2472
2023-03-13,55098.7578
2023-03-14,55261.1153
2023-03-15,54795.4373
2023-03-16,54114.2848
2023-03-17,55471.1186
2023-03-20,55392.6624
2023-03-21,54561.4921
2023-03-22,54603.5161
2023-03-23,54196.3232
2023-03-24,54381.5339
2023-03-27,54364.4911
2023-03-28,54367.1776
2023-03-29,54062.9508
2023-03-30,53749.3611
2023-03-31,53497.3908
2023-04-03,53983.1134
2023-04-04,53754.7081
2023-04-05,53474.3431
2023-04-06,53575.032
2023-04-10,54149.3761
2023-04-11,54612.7501
2023-04-12,54582.1717
2023-04-13,55151.7942
2023-04-14,55600.8629
2023-04-17,55264.5483
2023-04-18,55113.9448
2023-04-19,55276.0505
2023-04-20,55379.7027
2023-04-21,55171.5962
2023-04-24,54868.0253
2023-04-25,54825.7054
2023-04-26,55302.789
2023-04-27,55127.5644
2023-04-28,55771.2074
2023-05-01,55330.0435
2023-05-02,55167.8834
2023-05-03,55365.5308
2023-05-04,55218.6073
2023-05-05,55036.9115
2023-05-08,55507.3673
2023-05-09,55590.2142
2023-05-10,55590.2142
2023-05-11,54684.3211
2023-05-12,54687.9273
2023-05-15,54744.5619
2023-05-16,54499.3341
2023-05-17,54306.4768
2023-05-18,54572.9625
2023-05-19,55122.0758
2023-05-22,55041.7778
2023-05-23,54903.8718
2023-05-24,55242.1157
2023-05-25,54885.7469
2023-05-26,55051.4848
2023-05-29,55907.9992
2023-05-30,55907.9992
2023-05-31,56078.3888
2023-06-01,56157.7908
2023-06-02,56658.0625
2023-06-05,56399.4316
2023-06-06,56115.7394
2023-06-07,56067.6718
2023-06-08,56989.1209
2023-06-09,57290.5077
2023-06-12,57156.4294
2023-06-13,57688.4237
2023-06-14,57428.7356
2023-06-15,56974.7443
2023-06-16,57619.0205
2023-06-19,57924.4374
2023-06-20,57924.4374
2023-06-21,57684.8037
2023-06-22,57235.0053
2023-06-23,57778.8937
2023-06-26,57304.9879
2023-06-27,57700.5141
2023-06-28,57844.5773
2023-06-29,57395.6536
2023-06-30,56458.4094
2023-07-03,56465.4476
2023-07-04,56465.4476
2023-07-05,56465.4476
2023-07-06,56249.9033
2023-07-07,56353.2043
2023-07-10,55868.5112
2023-07-11,55618.9285
2023-07-12,55388.2072
2023-07-13,54921.0336
2023-07-14,55085.4438
2023-07-17,54882.7465
2023-07-18,55025.5132
2023-07-19,55516.8589
2023-07-20,55504.1077
2023-07-21,56279.4177
2023-07-24,56525.0787
2023-07-25,56376.298
2023-07-26,56321.8995
2023-07-27,55215.6843
2023-07-28,56037.1364
2023-07-31,56170.414
2023-08-01,55999.4248
2023-08-02,55565.0987
2023-08-03,55896.72
2023-08-04,55131.428
2023-08-07,55009.8162
2023-08-08,54830.6718
2023-08-09,54763.2721
2023-08-10,54420.5391
2023-08-11,54588.8146
2023-08-14,54095.5236
2023-08-15,54567.8642
2023-08-16,54760.1799
2023-08-17,55166.5155
2023-08-18,55671.3989
2023-08-21,55841.7264
2023-08-22,55408.7133
2023-08-23,55511.1092
2023-08-24,55917.4947
2023-08-25,57223.6046
2023-08-28,56701.6585
2023-08-29,55585.1227
2023-08-30,56525.6396
2023-08-31,55775.286
2023-09-01,55362.1612
2023-09-04,55480.9748
2023-09-05,55480.9748
2023-09-06,55460.0342
2023-09-07,55560.325
2023-09-08,55641.9933
2023-09-11,55645.3186
2023-09-12,55488.6713
2023-09-13,55747.2626
2023-09-14,54965.8901
2023-09-15,54792.1281
2023-09-18,55240.9846
2023-09-19,55077.1089
2023-09-20,54818.4282
2023-09-21,55484.5509
2023-09-22,55770.3467
2023-09-25,55724.386
2023-09-26,55890.7794
2023-09-27,56046.989
2023-09-28,55898.4807
2023-09-29,56348.8069
2023-10-02,56269.7969
2023-10-03,55773.2034
2023-10-04,56015.2773
2023-10-05,55904.8249
2023-10-06,55978.021
2023-10-09,56746.4122
2023-10-10,57266.4986
2023-10-11,57286.8285
2023-10-12,56988.929
2023-10-13,56898.7279
2023-10-16,57442.4698
2023-10-17,57518.3279
2023-10-18,57441.034
2023-10-19,57376.2951
2023-10-20,56171.23
2023-10-23,56655.354
2023-10-24,56656.1821
2023-10-25,56017.8752
2023-10-26,56546.7646
2023-10-27,56431.5075
2023-10-30,55698.7012
2023-10-31,55107.9511
2023-11-01,55176.9961
2023-11-02,55673.632
2023-11-03,55802.7586
2023-11-06,55977.7641
2023-11-07,55690.3778
2023-11-08,55895.4835
2023-11-09,55572.7088
2023-11-10,55395.6063
2023-11-13,56084.8316
2023-11-14,56034.8476
2023-11-15,56006.9579
2023-11-16,55995.8311
2023-11-17,55657.8225
2023-11-20,55596.9302
2023-11-21,55800.1172
2023-11-22,55603.4432
2023-11-23,55694.48
2023-11-24,55694.48
2023-11-27,55694.48
2023-11-28,55425.483
2023-11-29,55436.106
2023-11-30,55782.6155
2023-12-01,55620.3356
2023-12-04,55464.2669
2023-12-05,55308.0734
2023-12-06,54818.1389
2023-12-07,55082.3144
2023-12-08,55228.1273
2023-12-11,55407.3749
2023-12-12,55553.882
2023-12-13,55798.7063
2023-12-14,56092.0709
2023-12-15,56142.1928
2023-12-18,55999.107
2023-12-19,56002.3071
2023-12-20,56002.3071
2023-12-21,56398.9168
2023-12-22,56175.9283
2023-12-26,56042.3586
2023-12-27,55974.1944
2023-12-28,55974.1944
2023-12-29,55974.1944
2024-01-02,56012.6637
2024-01-03,56167.9395
2024-01-04,56218.0203
2024-01-05,55881.9292
2024-01-08,55634.4798
2024-01-09,56205.7786
2024-01-10,56422.8177
2024-01-11,56505.2774
2024-01-12,56607.6783
2024-01-15,56537.4435
2024-01-16,56537.4435
2024-01-17,56086.5057
2024-01-18,55965.2026
2024-01-19,55345.9135
2024-01-22,55935.0101
2024-01-23,55965.9133
2024-01-24,56003.1311
2024-01-25,55763.1288
2024-01-26,55763.5498
2024-01-29,55480.1104
2024-01-30,55748.1653
2024-01-31,55752.5698
2024-02-01,55243.5029
2024-02-02,55450.7184
2024-02-05,55854.4428
2024-02-06,55549.3642
2024-02-07,55519.0994
2024-02-08,55623.1277
2024-02-09,55623.1277
2024-02-12,55802.8559
2024-02-13,55641.5126
2024-02-14,55330.4201
2024-02-15,54723.1601
2024-02-16,54428.6617
2024-02-19,54081.2177
2024-02-20,54081.2177
2024-02-21,54113.85
2024-02-22,53863.3376
2024-02-23,54101.2542
2024-02-26,54307.4819
2024-02-27,54307.4819
2024-02-28,54028.3333
2024-02-29,54028.3333
2024-03-01,53733.9623
2024-03-04,54105.2781
2024-03-05,54105.2781
2024-03-06,54312.1682
2024-03-07,53611.125
2024-03-08,53394.1389
2024-03-11,53872.5582
2024-03-12,53417.1573
2024-03-13,53570.5916
2024-03-14,53513.003
2024-03-15,53527.0674
2024-03-18,53508.7852
2024-03-19,53609.2879
2024-03-20,53895.6728
2024-03-21,54269.4553
2024-03-22,54396.3961
2024-03-25,54321.1252
2024-03-26,54280.145
2024-03-27,54428.376
2024-03-28,54215.7994
2024-04-01,54215.7994
2024-04-02,54190.2332
2024-04-03,54231.0723
2024-04-04,54322.1583
2024-04-05,55460.8202
2024-04-08,55662.6213
2024-04-09,55470.2304
2024-04-10,55386.8114
2024-04-11,55282.9072
2024-04-12,55409.8927
2024-04-15,55596.8543
2024-04-16,56653.3251
2024-04-17,56482.9965
2024-04-18,57106.5844
2024-04-19,56646.7147
2024-04-22,57354.4608
2024-04-23,57286.9735
2024-04-24,57583.4773
2024-04-25,57644.9669
2024-04-26,58170.404
2024-04-29,58347.4243
2024-04-30,58199.9602
2024-05-01,58950.9223
2024-05-02,58723.4912
2024-05-03,58812.9029
2024-05-06,58760.1413
2024-05-07,58867.946
2024-05-08,58867.946
2024-05-09,58808.3191
2024-05-10,58785.931
2024-05-13,58736.1754
2024-05-14,58736.1754
2024-05-15,58882.6585
2024-05-16,59273.5931
2024-05-17,59273.5931
2024-05-20,59079.8546
2024-05-21,58991.0251
2024-05-22,58987.084
2024-05-23,58844.7339
2024-05-24,59377.1677
2024-05-27,59490.6189
2024-05-28,59490.6189
2024-05-29,59163.795
2024-05-30,59163.795
2024-05-31,59341.3617
2024-06-03,59941.7049
2024-06-04,59874.1971
2024-06-05,59952.7757
2024-06-06,60495.8251
2024-06-07,60495.8251
2024-06-10,60075.9015
2024-06-11,60171.8114
2024-06-12,60555.6592
2024-06-13,60424.3809
2024-06-14,60344.5676
2024-06-17,60344.5676
2024-06-18,60800.4412
2024-06-19,60800.4412
2024-06-20,60800.4412
2024-06-21,61160.385
2024-06-24,60544.3049
2024-06-25,60505.5428
2024-06-26,60636.4764
2024-06-27,60636.4764
2024-06-28,60427.397
2024-07-01,60689.2581
2024-07-02,60590.0292
2024-07-03,60992.3031
2024-07-04,61224.881
2024-07-05,61224.881
2024-07-08,61458.2189
2024-07-09,61458.2189
2024-07-10,61364.5367
2024-07-11,61558.2715
2024-07-12,62629.9324
2024-07-15,62481.4958
2024-07-16,62269.5675
2024-07-17,62147.0139
2024-07-18,62664.3255
2024-07-19,62978.8403
2024-07-22,62838.301
2024-07-23,62156.7908
2024-07-24,61386.7423
2024-07-25,62421.0274
2024-07-26,62464.3867
2024-07-29,62451.1908
2024-07-30,61434.5457
2024-07-31,62206.2348
2024-08-01,61530.7128
2024-08-02,62840.8244
2024-08-05,61488.8742
2024-08-06,62209.185
2024-08-07,62371.8349
2024-08-08,63959.6395
2024-08-09,64640.8275
2024-08-12,64370.3336
2024-08-13,62807.1922
2024-08-14,63319.3326
2024-08-15,63183.6739
2024-08-16,63662.8703
2024-08-19,63734.0808
2024-08-20,64374.7957
2024-08-21,64283.2917
2024-08-22,63394.8705
2024-08-23,64435.3687
2024-08-26,63981.8542
2024-08-27,64221.3958
2024-08-28,64508.3431
2024-08-29,64885.2534
2024-08-30,65013.4095
2024-09-02,64379.3178
2024-09-03,64379.3178
2024-09-04,65465.0662
2024-09-05,64222.3804
2024-09-06,64053.0813
2024-09-09,65329.1261
2024-09-10,64614.0341
2024-09-11,64499.4855
2024-09-12,66064.1985
2024-09-13,66530.9006
2024-09-16,66444.6463
2024-09-17,65450.3322
2024-09-18,65547.4958
2024-09-19,63090.2964
2024-09-20,63030.9299
2024-09-23,62480.6061
2024-09-24,62480.6061
2024-09-25,62444.0205
2024-09-26,62231.5806
2024-09-27,62303.5541
2024-09-30,62396.0439
2024-10-01,62183.0032
2024-10-02,62254.937
2024-10-03,61902.3641
2024-10-04,61507.4817
2024-10-07,61444.9979
2024-10-08,61680.1515
2024-10-09,62002.6556
2024-10-10,62338.0534
2024-10-11,62272.6506
2024-10-14,62373.4688
2024-10-15,61778.4813
2024-10-16,62403.7608
2024-10-17,62416.2148
2024-10-18,61896.5635
2024-10-21,61896.5635
2024-10-22,61057.9266
2024-10-23,61157.058
2024-10-24,61486.6353
2024-10-25,61148.6347
2024-10-28,61118.4006
2024-10-29,61076.762
2024-10-30,61464.4921
2024-10-31,61250.7021
2024-11-01,61869.7039
2024-11-04,61643.5338
2024-11-05,60872.166
2024-11-06,61010.3486
2024-11-07,60962.3834
2024-11-08,61159.7098
2024-11-11,61159.7098
2024-11-12,60984.7484
2024-11-13,60830.2635
2024-11-14,60318.9903
2024-11-15,60404.921
2024-11-18,60842.434
2024-11-19,60898.6019
2024-11-20,61309.1157
2024-11-21,61357.584
2024-11-22,61629.1645
2024-11-25,61141.6088
2024-11-26,60860.094
2024-11-27,60860.094
2024-11-28,60797.19
2024-11-29,60797.19
2024-12-02,60948.1542
2024-12-03,60926.4808
2024-12-04,60906.2878
2024-12-05,60915.244
2024-12-06,60915.244
2024-12-09,60915.244
2024-12-10,61083.9121
2024-12-11,61277.7896
2024-12-12,61552.9298
2024-12-13,61552.9298
2024-12-16,61033.0472
2024-12-17,61283.5098
2024-12-18,61115.13
2024-12-19,62494.4872
2024-12-20,63074.1543
2024-12-23,63842.2268
2024-12-24,63744.3087
2024-12-26,64079.6755
2024-12-27,63487.4556
2024-12-30,63654.3493
2024-12-31,63318.8937
2025-01-02,63695.3653
2025-01-03,63242.997
2025-01-06,62580.7986
2025-01-07,62248.9407
2025-01-08,63089.5098
2025-01-09,61810.2414
2025-01-10,61810.2414
2025-01-13,60682.8403
2025-01-14,61047.8949
2025-01-15,61233.2594
2025-01-16,60547.1271
2025-01-17,60824.1868
2025-01-21,60767.6507
2025-01-22,60522.7341
2025-01-23,60315.973
2025-01-24,60408.0945
2025-01-27,60502.6932
2025-01-28,60175.8731
2025-01-29,60537.3413
2025-01-30,60065.5962
2025-01-31,59481.2992
2025-02-03,59891.4904
2025-02-04,59286.5297
2025-02-05,59592.9806
2025-02-06,59960.6064
2025-02-07,59554.7056
2025-02-10,60231.3515
2025-02-11,60149.7666
2025-02-12,59651.8806
2025-02-13,59994.2397
2025-02-14,59978.6595
2025-02-17,59943.7748
2025-02-18,59943.7748
2025-02-19,59649.4938
2025-02-20,59632.283
2025-02-21,59474.9198
2025-02-24,60444.4401
2025-02-25,60301.9547
2025-02-26,60064.4741
2025-02-27,60017.6444
2025-02-28,61803.1102
2025-03-03,62134.8814
2025-03-04,63637.6378
2025-03-05,63292.1346
2025-03-06,62805.9836
2025-03-07,63285.32
2025-03-10,63636.648
2025-03-11,64640.1386
2025-03-12,62868.9207
2025-03-13,61435.8461
2025-03-14,61295.232
2025-03-17,60868.5074
2025-03-18,60354.7714
2025-03-19,59978.6651
2025-03-20,60318.1784
2025-03-21,60255.4028
2025-03-24,60846.7079
2025-03-25,60742.4609
2025-03-26,60772.9967
2025-03-27,61494.15
2025-03-28,61395.126
2025-03-31,62427.4604
2025-04-01,63185.8913
2025-04-02,62240.5339
2025-04-03,63223.3227
2025-04-04,63181.7026
2025-04-07,63373.8405
2025-04-08,60346.6686
2025-04-09,62803.952
2025-04-10,67765.8933
2025-04-11,64802.0494
2025-04-14,65201.0944
2025-04-15,63217.7255
2025-04-16,62890.3255
2025-04-17,62781.9716
2025-04-21,62069.2803
2025-04-22,62367.0587
2025-04-23,61316.0909
2025-04-24,61441.1389
2025-04-25,62612.7707
2025-04-28,61788.51
2025-04-29,61482.4472
2025-04-30,61879.8855
2025-05-01,62871.0699
2025-05-02,62296.2113
2025-05-05,62390.7454
2025-05-06,62261.4546
2025-05-07,61840.901
2025-05-08,61749.7469
2025-05-09,61408.3338
2025-05-12,61531.8199
2025-05-13,61445.3507
2025-05-14,61866.3072
2025-05-15,61822.7625
2025-05-16,61355.2835
2025-05-19,60970.7948
2025-05-20,61397.8428
2025-05-21,61105.7532
2025-05-22,61446.5561
2025-05-23,61256.073
2025-05-26,61249.4523
2025-05-27,61249.4523
2025-05-28,61647.7944
2025-05-29,61703.0696
2025-05-30,62000.3416
2025-06-02,61002.8896
2025-06-03,60634.6661
2025-06-04,60760.3791
2025-06-05,60523.9277
2025-06-06,60324.5039
2025-06-09,60147.9116
2025-06-10,60147.9116
2025-06-11,59805.4508
2025-06-12,59925.7403
2025-06-13,59851.6952
2025-06-16,59154.8029
2025-06-17,59173.9938
2025-06-18,59346.0744
2025-06-19,59054.9305
2025-06-20,59054.9305
2025-06-23,59469.9525
2025-06-24,59259.2056
2025-06-25,59271.2758
2025-06-26,59115.3701
2025-06-27,59221.9107
2025-06-30,59060.8318
2025-07-01,58997.0234
2025-07-02,59080.1483
2025-07-03,59200.0542
2025-07-04,59185.8909
2025-07-07,59185.8909
2025-07-08,59100.4456
2025-07-09,59100.4456
2025-07-10,58888.1727
2025-07-11,58695.6588
2025-07-14,58695.6588
2025-07-15,58355.7944
2025-07-16,58355.7944
2025-07-17,58040.5021
2025-07-18,58137.9131
2025-07-21,58137.9131
2025-07-22,58137.9131
2025-07-23,58028.7334
2025-07-24,58128.3225
2025-07-25,58128.3225
2025-07-28,57993.2007
2025-07-29,57993.2007
2025-07-30,58090.5092
2025-07-31,57471.9933
2025-08-01,57995.3992
2025-08-04,57477.3407
2025-08-05,57664.7721
2025-08-06,57981.3243
2025-08-07,58336.7615
2025-08-08,58378.7456
2025-08-11,58406.2247
2025-08-12,58444.2735
2025-08-13,58447.7662
2025-08-14,58420.6063
2025-08-15,58219.4831
2025-08-18,58073.9928
2025-08-19,58073.9928
2025-08-20,58411.9924
2025-08-21,58656.2029
2025-08-22,58212.7361
2025-08-25,58469.4093
2025-08-26,58213.3602
2025-08-27,58194.6539
2025-08-28,58113.8514
2025-08-29,57826.3127
2025-09-01,57928.7906
2025-09-02,57928.7906
2025-09-03,57651.348
2025-09-04,57084.1418
2025-09-05,57289.7344
2025-09-08,57475.6651
2025-09-09,57475.6651
2025-09-10,57056.8765
2025-09-11,57018.9442
2025-09-12,57018.9442
2025-09-15,56910.002
2025-09-16,56910.002
2025-09-17,56910.002
2025-09-18,56624.3103
2025-09-19,56478.5789
2025-09-22,56457.0385
2025-09-23,56508.4773
2025-09-24,56586.3383
2025-09-25,56572.6852
2025-09-26,56088.8104
2025-09-29,55896.3062
2025-09-30,55876.6552
2025-10-01,55918.242
2025-10-02,56197.4768
2025-10-03,56197.4768
2025-10-06,56268.7493
2025-10-07,56268.7493
2025-10-08,56483.5429
2025-10-09,56609.1967
2025-10-10,56325.7839
2025-10-13,58138.8858
2025-10-14,58227.7187
2025-10-15,58298.8717
2025-10-16,58063.274
2025-10-17,58107.6173
2025-10-20,57725.5799
2025-10-21,57701.5458
2025-10-22,57701.5458
2025-10-23,57946.4181
2025-10-24,58150.1871
2025-10-27,58150.1871
2025-10-28,58125.855
2025-10-29,58142.2196
2025-10-30,57850.6812
2025-10-31,57457.9947
2025-11-03,57512.3768
2025-11-04,57470.7623
2025-11-05,57510.9496
2025-11-06,57745.797
2025-11-07,58355.2117
2025-11-10,58699.1473
2025-11-11,58542.778
2025-11-12,58249.6947
2025-11-13,58178.9873
2025-11-14,57835.1287
2025-11-17,58598.5376
2025-11-18,58040.6369
2025-11-19,57062.6705
2025-11-20,56714.5228
2025-11-21,58569.49
2025-11-24,57921.265
2025-11-25,58506.8383
2025-11-26,58754.7414
2025-11-27,58417.0083
2025-11-28,58417.0083
2025-12-01,58419.742
2025-12-02,58504.8682
2025-12-03,58296.6226
2025-12-04,58428.5559
2025-12-05,58158.7526
2025-12-08,57756.6105
2025-12-09,57777.792
2025-12-10,57707.9859
2025-12-11,57495.3925
2025-12-12,57481.5498
2025-12-15,58034.6215
2025-12-16,58364.63
2025-12-17,57742.4715
2025-12-18,58570.3163
2025-12-19,57410.9474
2025-12-22,57479.3408
2025-12-23,57479.3408
2025-12-24,57486.9219
2025-12-25,57486.9219
2025-12-26,57486.9219
2025-12-29,57486.9219
2025-12-30,57353.5635
2025-12-31,57353.5635
2026-01-02,57483.7924
2026-01-05,57637.688
2026-01-06,57637.688
2026-01-07,57753.2799
2026-01-08,57430.5505
2026-01-09,57323.4153
2026-01-12,57601.9901
2026-01-13,57524.1402
2026-01-14,56734.6024
2026-01-15,56684.6071
2026-01-16,56856.8616
2026-01-19,57000.7209
2026-01-20,56986.027
2026-01-21,56939.8027
2026-01-22,56670.4951
2026-01-23,56265.238
2026-01-26,56330.7263
2026-01-27,56158.8057
2026-01-28,56158.8057
2026-01-29,56142.4007
2026-01-30,56764.8459
2026-02-02,57018.8171
2026-02-03,57145.7025
2026-02-04,57808.5754
2026-02-05,58341.7983
2026-02-06,57717.9719
2026-02-09,57573.328
2026-02-10,58053.9307
2026-02-11,57829.4808
2026-02-12,57629.5898
2026-02-13,58735.8403
2026-02-16,58061.5244
2026-02-17,58061.5244
2026-02-18,57762.8893
2026-02-19,57691.6299
2026-02-20,57248.1662
2026-02-23,56923.7839
2026-02-24,57237.4718
2026-02-25,57611.0009
2026-02-26,57702.4125
2026-02-27,57836.0467
2026-03-02,57915.9969
2026-03-03,58474.0326
2026-03-04,58656.7971
2026-03-05,58954.3059
2026-03-06,58549.5654
2026-03-09,58526.0601
2026-03-10,59368.2551
2026-03-11,58806.867
2026-03-12,58466.919
2026-03-13,58819.5938
2026-03-16,58997.9239
2026-03-17,58717.6946
2026-03-18,58645.4428
2026-03-19,59138.1282
2026-03-20,58702.7248
2026-03-23,59219.2411
2026-03-24,59274.8499
2026-03-25,58036.8505
2026-03-26,58048.9304
2026-03-27,58453.4945
2026-03-30,58208.6
2026-03-31,58830.6583
2026-04-01,58790.0134
2026-04-02,58497.8218
2026-04-06,59078.4318
2026-04-07,58274.7729
2026-04-08,58528.2796
2026-04-09,57673.3344
2026-04-10,57948.1668
2026-04-13,57863.1846
2026-04-14,58421.9234
2026-04-15,58769.2556
2026-04-16,59255.0378
2026-04-17,58959.6386
2026-04-18,58999.3022
